/* Populate tables */
INSERT INTO clients (id, uuid, first_name, last_name, email, created_at, photo) VALUES (1, UNHEX(REPLACE('9cc379a6-41db-4dc2-af82-36eb989ad27e', '-', '')), 'Jose', 'Pepe', 'josepepe@gmail.com', '2019-10-09', '');
INSERT INTO clients (id, uuid, first_name, last_name, email, created_at, photo) VALUES (2, UNHEX(REPLACE('d1ba074f-52ae-428b-9573-ee8aa5caa8c8', '-', '')), 'Maria', 'Pepa', 'mariapepa@gmail.com', '2019-09-25', '');
INSERT INTO clients (id, uuid, first_name, last_name, email, created_at, photo) VALUES (3, UNHEX(REPLACE('aaef75ce-511c-4a81-8774-fb81360943c9', '-', '')),'Biron','Chastaing','bchastaing0@ocn.ne.jp','2018-12-24', '');
INSERT INTO clients (id, uuid, first_name, last_name, email, created_at, photo) VALUES (4, UNHEX(REPLACE('e1034f44-3a07-40c6-a886-761c2f152844', '-', '')),'Doug','Quig','dquig1@webnode.com','2019-05-21', '');
INSERT INTO clients (id, uuid, first_name, last_name, email, created_at, photo) VALUES (5, UNHEX(REPLACE('a8a1e3f9-7358-4ada-a730-90f659781bac', '-', '')),'Francyne','Terbrug','fterbrug2@angelfire.com','2019-10-10', '');
INSERT INTO clients (id, uuid, first_name, last_name, email, created_at, photo) VALUES (6, UNHEX(REPLACE('45befb58-f787-4616-8699-9cc5dc159195', '-', '')),'Egan','Newlands','enewlands3@ftc.gov','2019-08-29', '');
INSERT INTO clients (id, uuid, first_name, last_name, email, created_at, photo) VALUES (7, UNHEX(REPLACE('af985e9d-03a1-4b68-b6b2-159490dbe05e', '-', '')),'Willi','Squibe','wsquibe4@nsw.gov.au','2019-04-12', '');
INSERT INTO clients (id, uuid, first_name, last_name, email, created_at, photo) VALUES (8, UNHEX(REPLACE('fa0e2526-63c7-44d4-8036-5f00583095e8', '-', '')),'Anatola','Roddam','aroddam5@home.pl','2019-03-07', '');
INSERT INTO clients (id, uuid, first_name, last_name, email, created_at, photo) VALUES (9, UNHEX(REPLACE('9af0fbc9-e33c-4ca7-88ea-774ee37cef78', '-', '')),'Ramonda','Haylett','rhaylett6@unc.edu','2019-01-19', '');
INSERT INTO clients (id, uuid, first_name, last_name, email, created_at, photo) VALUES (10, UNHEX(REPLACE('dd46f85a-7041-4ea5-bb04-51bd521cb71c', '-', '')),'Timothy','McMurty','tmcmurty7@opensource.org','2019-01-11', '');
INSERT INTO clients (id, uuid, first_name, last_name, email, created_at, photo) VALUES (11, UNHEX(REPLACE('4422ff5b-1a90-4d01-af5c-f390f4a3b4d8', '-', '')),'Micky','Gammie','mgammie8@mapy.cz','2018-12-18', '');
INSERT INTO clients (id, uuid, first_name, last_name, email, created_at, photo) VALUES (12, UNHEX(REPLACE('c0acfc9b-b1f8-4fa0-9d81-c8a0202446ae', '-', '')),'Dun','Gregersen','dgregersenb@tuttocitta.it','2019-06-05', '');
INSERT INTO clients (id, uuid, first_name, last_name, email, created_at, photo) VALUES (13, UNHEX(REPLACE('786a2de4-4dbb-4c43-b906-bdd9f8162c2d', '-', '')),'Forester','Jerwood','fjerwoodc@mayoclinic.com','2019-07-03', '');
INSERT INTO clients (id, uuid, first_name, last_name, email, created_at, photo) VALUES (14, UNHEX(REPLACE('b4a8cce5-d104-4a06-9605-233302349771', '-', '')),'Gertruda','Vernalls','gvernallsd@psu.edu','2018-12-25', '');
INSERT INTO clients (id, uuid, first_name, last_name, email, created_at, photo) VALUES (15, UNHEX(REPLACE('7dfa46b7-2eb3-4e79-a249-c2e44290fac7', '-', '')),'Lita','Jansen','ljansene@yellowbook.com','2019-04-30', '');
INSERT INTO clients (id, uuid, first_name, last_name, email, created_at, photo) VALUES (16, UNHEX(REPLACE('f5750d42-171e-4ac9-b8d3-b3f1d17fac09', '-', '')),'Saw','Erley','serleyf@photobucket.com','2019-06-02', '');
INSERT INTO clients (id, uuid, first_name, last_name, email, created_at, photo) VALUES (17, UNHEX(REPLACE('198ffa83-0698-40a8-b6e8-44b2b1059461', '-', '')),'Dagny','Copelli','dcopellig@goodreads.com','2019-04-17', '');
INSERT INTO clients (id, uuid, first_name, last_name, email, created_at, photo) VALUES (18, UNHEX(REPLACE('7bd1181c-afec-4885-a315-edf9f32eeb13', '-', '')),'Izak','Gerssam','igerssamh@163.com','2018-10-28', '');
INSERT INTO clients (id, uuid, first_name, last_name, email, created_at, photo) VALUES (19, UNHEX(REPLACE('e55872f7-3f5a-4198-96d3-8960797e37ce', '-', '')),'Gawen','Stot','gstoti@jimdo.com','2019-01-07', '');
INSERT INTO clients (id, uuid, first_name, last_name, email, created_at, photo) VALUES (20, UNHEX(REPLACE('d890b23c-155b-46c6-8db4-6c8e8e8e3a40', '-', '')),'Jessee','Strowlger','jstrowlgerj@redcross.org','2019-01-05', '');
INSERT INTO clients (id, uuid, first_name, last_name, email, created_at, photo) VALUES (21, UNHEX(REPLACE('957a42d3-f374-4fb0-8031-76abd9b30c2b', '-', '')),'Bay','Pashler','bpashlerk@istockphoto.com','2019-01-29', '');
INSERT INTO clients (id, uuid, first_name, last_name, email, created_at, photo) VALUES (22, UNHEX(REPLACE('a13f8ce0-e234-43cf-8c03-e68240b54f7f', '-', '')),'Verine','Keightley','vkeightleyl@tripadvisor.com','2019-06-24', '');
INSERT INTO clients (id, uuid, first_name, last_name, email, created_at, photo) VALUES (23, UNHEX(REPLACE('955c1b68-306a-4428-b93b-9aff576cb310', '-', '')),'Gratia','Loble','globlem@joomla.org','2019-07-25', '');
INSERT INTO clients (id, uuid, first_name, last_name, email, created_at, photo) VALUES (24, UNHEX(REPLACE('0e3ecb74-b313-4e23-b283-275db571128e', '-', '')),'Drake','Kingston','dkingstonn@altervista.org','2019-02-21', '');
INSERT INTO clients (id, uuid, first_name, last_name, email, created_at, photo) VALUES (25, UNHEX(REPLACE('a28d6f92-5fe9-4854-8b6b-9dfef5716713', '-', '')),'Grayce','Cruddas','gcruddaso@marriott.com','2019-05-06', '');
INSERT INTO clients (id, uuid, first_name, last_name, email, created_at, photo) VALUES (26, UNHEX(REPLACE('02a3cd37-8a0e-4dab-afe9-c338f6e0d38e', '-', '')),'Karry','Botten','kbottenp@sitemeter.com','2019-02-02', '');
INSERT INTO clients (id, uuid, first_name, last_name, email, created_at, photo) VALUES (27, UNHEX(REPLACE('a5b81732-19b4-4df3-a6e6-a640733849bd', '-', '')),'Mead','Jellings','mjellingsq@accuweather.com','2019-07-08', '');
INSERT INTO clients (id, uuid, first_name, last_name, email, created_at, photo) VALUES (28, UNHEX(REPLACE('5139dd6f-fafa-4a61-a753-d5e0094d2ee4', '-', '')),'Elden','Wiltsher','ewiltsherr@theglobeandmail.com','2019-03-25', '');
INSERT INTO clients (id, uuid, first_name, last_name, email, created_at, photo) VALUES (29, UNHEX(REPLACE('8c714b4e-0dbe-478d-8b55-0905cbf0df3b', '-', '')),'Caprice','Strase','cstrases@goo.gl','2019-04-28', '');
INSERT INTO clients (id, uuid, first_name, last_name, email, created_at, photo) VALUES (30, UNHEX(REPLACE('10eef347-0564-4033-84f6-22724668cf44', '-', '')),'Dolly','Ringrose','dringroset@drupal.org','2019-01-22', '');
INSERT INTO clients (id, uuid, first_name, last_name, email, created_at, photo) VALUES (31, UNHEX(REPLACE('639bace0-70f1-46ed-a364-238b71a03e96', '-', '')),'Stanley','Hovert','shovert9@rediff.com','2019-05-04', '');
INSERT INTO clients (id, uuid, first_name, last_name, email, created_at, photo) VALUES (32, UNHEX(REPLACE('d82e1aaf-bbff-4477-a0c2-392dd8ca91fd', '-', '')),'Janelle','Quilleash','jquilleasha@slashdot.org','2019-06-12', '');

/* Populate table products */
INSERT INTO products (id, uuid, name, price, created_at) VALUES(1, UNHEX(REPLACE('96c79f1d-48b4-4131-a579-5584fb0c29a4', '-', '')), 'Panasonic LCD', 259990, NOW());
INSERT INTO products (id, uuid, name, price, created_at) VALUES(2, UNHEX(REPLACE('eb773a77-ed8e-40f7-b884-f56a19a182d2', '-', '')), 'Sony Camera DSC-W320B', 1234590, NOW());
INSERT INTO products (id, uuid, name, price, created_at) VALUES(3, UNHEX(REPLACE('bc10f925-d7e5-4eaf-9a34-0fee37a13685', '-', '')), 'Apple iPod', 1499990, NOW());
INSERT INTO products (id, uuid, name, price, created_at) VALUES(4, UNHEX(REPLACE('3bf7544d-1774-466a-9454-de78a2559c42', '-', '')), 'Sony Notebook Z110', 37990, NOW());
INSERT INTO products (id, uuid, name, price, created_at) VALUES(5, UNHEX(REPLACE('559fe274-1009-41dd-8f89-4f6e018499bb', '-', '')), 'HP F2280 MultiF', 69990, NOW());
INSERT INTO products (id, uuid, name, price, created_at) VALUES(6, UNHEX(REPLACE('9bf35d36-aaae-415a-862b-3aee762bed7c', '-', '')), 'Bike 26 BMW', 69990, NOW());
INSERT INTO products (id, uuid, name, price, created_at) VALUES(7, UNHEX(REPLACE('b0d5e793-a8d6-4d9c-910f-03858e085363', '-', '')), 'Keyboard Razer CLGv', 299990, NOW());
INSERT INTO products (id, uuid, name, price, created_at) VALUES(8, UNHEX(REPLACE('f62857cf-1fae-4718-90eb-b65da871aef3', '-', '')), 'Mouse Razer Deathadder', 299650, NOW());

/* Invoices */
INSERT INTO invoices(id, uuid, description, observation, client_id, created_at) VALUES(1, UNHEX(REPLACE('4ccf9085-327f-4391-9ae1-40629693d8f2', '-', '')), 'Invoice office team', null, 1, NOW());
INSERT INTO invoice_items(amount, invoice_id, product_id) VALUES(1, 1, 1);
INSERT INTO invoice_items(amount, invoice_id, product_id) VALUES(2, 1, 4);
INSERT INTO invoice_items(amount, invoice_id, product_id) VALUES(1, 1, 5);
INSERT INTO invoice_items(amount, invoice_id, product_id) VALUES(1, 1, 7);

INSERT INTO invoices(id, uuid, description, observation, client_id, created_at) VALUES(2, UNHEX(REPLACE('175525be-6b4c-4a32-9878-d142d972586c', '-', '')),'Bike Invoice', 'IMPORTANT STUFF', 1, NOW());
INSERT INTO invoice_items(amount, invoice_id, product_id) VALUES(3, 2, 6);

/* Users */
INSERT INTO users (id, username, password, enabled) VALUES (1, 'alejo', '$2a$12$jHsPC0DnN1zJAiP1Zqa0/OjaKbm/zOMFlkoFSaeLtqLzQ0H2YsbUO', 1);
INSERT INTO users (id, username, password, enabled) VALUES (2, 'nehui', '$2a$12$jHsPC0DnN1zJAiP1Zqa0/OjaKbm/zOMFlkoFSaeLtqLzQ0H2YsbUO', 1);
INSERT INTO users (id, username, password, enabled) VALUES (3, 'elian', '$2a$12$jHsPC0DnN1zJAiP1Zqa0/OjaKbm/zOMFlkoFSaeLtqLzQ0H2YsbUO', 1);
INSERT INTO users (id, username, password, enabled) VALUES (4, 'juan', '$2a$12$jHsPC0DnN1zJAiP1Zqa0/OjaKbm/zOMFlkoFSaeLtqLzQ0H2YsbUO', 1);

INSERT INTO authorities (user_id, authority) VALUES (1, 'ROLE_USER');
INSERT INTO authorities (user_id, authority) VALUES (1, 'ROLE_ADMIN');
INSERT INTO authorities (user_id, authority) VALUES (2, 'ROLE_USER');
INSERT INTO authorities (user_id, authority) VALUES (2, 'ROLE_ADMIN');
INSERT INTO authorities (user_id, authority) VALUES (3, 'ROLE_USER');
INSERT INTO authorities (user_id, authority) VALUES (4, 'ROLE_USER');

/* Attachments */
INSERT INTO attachments (filename, bytes) VALUES ('avatar_default.jpg', X'FFD8FFE1001845786966000049492A00080000000000000000000000FFEC00114475636B7900010004000000640000FFE10371687474703A2F2F6E732E61646F62652E636F6D2F7861702F312E302F003C3F787061636B657420626567696E3D22EFBBBF222069643D2257354D304D7043656869487A7265537A4E54637A6B633964223F3E203C783A786D706D65746120786D6C6E733A783D2261646F62653A6E733A6D6574612F2220783A786D70746B3D2241646F626520584D5020436F726520352E302D633036312036342E3134303934392C20323031302F31322F30372D31303A35373A30312020202020202020223E203C7264663A52444620786D6C6E733A7264663D22687474703A2F2F7777772E77332E6F72672F313939392F30322F32322D7264662D73796E7461782D6E7323223E203C7264663A4465736372697074696F6E207264663A61626F75743D222220786D6C6E733A786D704D4D3D22687474703A2F2F6E732E61646F62652E636F6D2F7861702F312E302F6D6D2F2220786D6C6E733A73745265663D22687474703A2F2F6E732E61646F62652E636F6D2F7861702F312E302F73547970652F5265736F75726365526566232220786D6C6E733A786D703D22687474703A2F2F6E732E61646F62652E636F6D2F7861702F312E302F2220786D704D4D3A4F726967696E616C446F63756D656E7449443D22786D702E6469643A44373238334535343043323036383131383843364334394233413834383745372220786D704D4D3A446F63756D656E7449443D22786D702E6469643A34464537413543393630413531314531383445464344393844303537334236362220786D704D4D3A496E7374616E636549443D22786D702E6969643A34464537413543383630413531314531383445464344393844303537334236362220786D703A43726561746F72546F6F6C3D2241646F62652050686F746F73686F70204353352E31204D6163696E746F7368223E203C786D704D4D3A4465726976656446726F6D2073745265663A696E7374616E636549443D22786D702E6969643A3838304630323837413732303638313138384336433439423341383438374537222073745265663A646F63756D656E7449443D22786D702E6469643A4437323833453534304332303638313138384336433439423341383438374537222F3E203C2F7264663A4465736372697074696F6E3E203C2F7264663A5244463E203C2F783A786D706D6574613E203C3F787061636B657420656E643D2272223F3EFFED004850686F746F73686F7020332E30003842494D040400000000000F1C015A00031B25471C020000020002003842494D0425000000000010FCE11F89C8B7C9782F346234075877EBFFEE000E41646F62650064C000000001FFDB008400010101010101010101010101010101010101010101010101010101010101010101010101010101010101010202020202020202020202030303030303030303030101010101010102010102020201020203030303030303030303030303030303030303030303030303030303030303030303030303030303030303030303030303FFC0001108012C012C03011100021101031101FFC400C300010100020203010100000000000000000005040608090102030A070101000202030101000000000000000000000304020501060708091000000501050308090203070206030000000102030405F011213106511207416181D1E11314087191A1B1C122D293541509F132164252822343241762539233633474253526181100020201010408030407050802030000000102031104213112054151617191221306815207A1C13214B1D14262728223F092332415E1F1A2B24363B3089364D22516FFDA000C03010002110311003F00EC4FC4C9FC87FEEB9F50FA23863D48FCAEF52CF9A5E2C78993F90FFDD73EA0E18F521EA59F34BC58F1327F21FF00BAE7D41C31EA43D4B3E6978B1E264FE43FF75CFA83863D487A967CD2F163C4C9FC87FEEB9F5070C7A90F52CF9A5E2C78993F90FF00DD73EA0E18F521EA59F34BC58F1327F21FFBAE7D41C31EA43D4B3E6978B1E264FE43FF0075CFA83863D487A967CD2F163C4C9FC87FEEB9F5070C7A90F52CF9A5E2C78993F90FFDD73EA0E18F521EA59F34BC58F1327F21FF00BAE7D41C31EA43D4B3E6978B1E264FE43FF75CFA83863D487A967CD2F163C4C9FC87FEEB9F5070C7A90F52CF9A5E2C78993F90FF00DD73EA0E18F521EA59F34BC59E4A44A3FF005DFF00BAE7D438E18F5239E3B7E67E2CF627A57E43FF00757F50623D48E78ECF9A5E2CF627657E43FF0075CEB0C47A91CF159F34BC59EDDE49FC87FEEB9F58623D48E78ACEB978B1DE48FC87FEEAFEA1C623D4BC0715BF33F17FAC77923F21FF00BABFA8311EA5E038ACEB7E2FF59E3BC93F92FF00DD73EA1CE23D48E1CACEB978B3C77B2BF21EFBAE758623D48E38ECF9A5E27A9BD28BFD77FEEB9F050623D4871D9F33F167AF8993FF007DFF00BAE7D439E18F5238E3B7E6978B3C78993F90FF00DD73EA0E18F5238F52CF9A5E2C78993F90FF00DD73EA0E18F521EA59F34BC58F1327F21FFBAE7D41C31EA43D4B3E6978B1E264FE43FF0075CFA83863D487A967CD2F163C4C9FC87FEEB9F5070C7A90F52CF9A5E2C78993F90FFDD73EA0E18F521EA59F34BC58F1327F21FF00BAE7D41C31EA43D4B3E6978B1E264FE43FF75CFA83863D487A967CD2F163C4C9FC87FEEB9F5070C7A90F52CF9A5E2C78993F90FF00DD73EA0E18F521EA59F34BC58F1327F21FFBAE7D41C31EA43D4B3E6978B1E264FE43FF0075CFA83863D487A967CD2F163C4C9FC87FEEB9F5070C7A90F52CF9A5E2C78993F90FFDD73EA0E18F521EA59F34BC59F11C9800000000000000000000000001E4926791064E70CFA135B471932513EA96B617AED70E3266A27D89A3B58871932503E84CF319DBA071932503DC99E6F58E3265C07B133CC41939E0EF3CF727CDED0CF61CFA63B93E6F6867B07A6783679883270E07A1B3CC39C9C701F3367D3D239C98B81F3368F6118E7260E07C54D16CB8739317167C8DB32CB11CE4C1C4F4BAE038C6001C000000000000000000000000000000000000000000000000792499E407291F64B5D2386CCD44C84B5D0431C92281909679BA4C71924503EE967A462D99A81F64B1CDD638C92281F626398EDE91C7119A81F42639ADE8C471C5DE64AB3DC98E62F5064E7D33C931B3D85DA38C8F4C1B1B6EF5768647A67A9B1CC5EA0CF78F4CF43639ADD239E231703E4A66C6439C98BACF8A98E6F50E7260E07C14CFF0319648DC0F829AE6B8729983818EA6B69748CB244E263A9B32C873930713E639300000000000000000000000000000000000000000000FA25BBF31C64CD44CA435CD710C5B24503290D73748C724CA065219E6E9318B64AA065218E6F58C5B25503252C737C062E448AB3212C737A8870D922ACFB947E6F5F60C78891567ABE71E1B0E4A96FB116332935BD22438DB0C3482C0D6E3CE2908424B6999102CC9F0C536C4D42B839D8D46B5BDB784BBDB38F7AEBCCD70C746F791A0CE775755917A7C1500DB72236B23BAE955676E84D95E58935DF2CB95236BA6E4FACD46D9255D7D72DFF05BFF0041D339B7BEF9072CCD754DEA752BF66BDA977CDF97C389F61C66ACF9CBD71296B2A1E9AD374960CCF73C6F8FAB4924DE776F3A9914E8E6777FE9663735FB7F4D15FD49CE4FB3097DFF00A4E89AAFA9DCD6C7FE528A2B8FEF714DF8E62BEC351579B1E2F9A8D45368292BEFDC4D0E3EE916C23538A5DDD3789FFD0F41D52FEF335CFEA27B9339E2A7FF008D1B6E9FF391ADA23ED96A3D3D40AD43DE2EF7C014BA44EDCBCB78D0EA9F9F14D4457E06C95FB48416FB7F4D25FD194A32EDDABEEFD26C747F5339A5735F9EA29B6BE9E1CC25E3992FF84E5BF0FB8F1C38E22F73120554A8F5B7374BF42AEF7506638E1962884F778B8750C72269C372E2BCD04345AAE5BABD279A4B8ABF9A3B57C7A57C4F46E4DEEEE49CEF15D367A7AA7FF4ECC45FF2BCF0CBE0F3D88FECCA8FCDF1ED1AFE23B3BACF8298E6F80E7888DD663AD8E6F58C9323703156CD8C649913818AB679AE1926452818AB6BA0649F5113818AB6F69748C93227131D49321911B47A818800000000000000000000000000000000088CF20394B26421BE931C364918F819886BA4FDC306C9631331B6B9BA862DF5934606636CF3748C1B278C0CC4316EA18B64D1ACCC431CD6F40C1C89A3599688FCDEBEA18F11346B32931F9BD787B063C448AB3EE98E5B32CEECCB9470E448AB3A77E327163536BDABC8765D524A290E4DA9152E88D296CC1A553E24F91062B66C255BAFD4E4351FBD912164A59EF921068411A4FBF72FD0D3A5AD28C57A98597D2DB597F0EA47CCDEE7F716BF9C6A652B2C92D3394B82B5B2308A938AD9D336966527B76A4B0B61FC246CCEA20000000023323232332323232323B8C8CB2323E43200725F85DE6775B683545A6575C7357E986CD0D9C4A83CA3ABC0608D25FF00D655166A7144DA0BE565FEF1BB8B7526DE65A7D6F26D36AB33AFFA7775ADCFBD7DEBED3BDF20F7EF35E50E346ADBD4E816CC49F9E2BF767D9D52CAE858DE7661A375869AE2050A36A2D2F506E7C090444E23044B8322E23721D4236F297125B57E293C0CAE524D493251F4FD4517692D755CB135E0FB575A3DD796732D0739D2475BCBE6A74CBC62FE592E892EAF8ACA69BD8971F9BE2224CBB2ACC45B1CDD4324C8655986B639BA866990CA061AD9E6E8196482503096D678740CD321940C35B7D24324C8651F131168BB12196489C7C4F98E4C00000000000000000000000000003C91199DC4072964C96DBD9EB18B64B18F599ADB5DA6316FC49A30339B6B2C3B460D93C6067B6CF3760C1B2C46067B6C5BA846D93C606736C65875F60C5C8B11ACCE6E3F35B9CC60E44F1ACE0EF1F7CD37F4E4B9DA2B868F477EAF194E44ACEAADD6E4C6A648499A1E83476D64B6254E61446971F5929A6944694A54A2334763E57C97D68AD46B33E9BDAA3BB3DAFB3B37B3CABDDFEFFF00C9593E57C8DA7A98EC9DBB1A8BE98C16E725D32794B724DED5C059DADB58D4E52E6D4755EA39B2D6B538A9126B55179DDF519999A54B92668C4F022B888B21D9E3A7D3C170C21051EC48F20BB9A732D458EDBF5174EC6F3973937FA4F5A76B2D5949AAB15CA76A4ADC5AB477D125B9E8A94B548EF9BBB754EA9C7564FA4C93BAA4AC9495A7E551191DC13D3D1641D73845D6D6EC238A399F31D36A16AE9BED8EA62F2A5C4F395D7B76F73CA6B63D84FAD559FAE55AA35892D47624D526489F25A86DF71113265B8A7E49C78E46698ED38FAD4A2427E545F715C444433AE0AAAD569B6A2B1B77EC20D56A25ABD4CF5335153B24E4D258596F2F0BA1672F1D04BBCF69FAC6641842F3DA7EB01842F3DA7EB01842F3DA7EB01842F3DA7EB01842F3DA7EB01846F3A0388BAAB86B5D66BDA5EA2E46752A4266C1714B729D558A955EA87518BBC487DA515FBAAC1C6CCF790A4AB115B55A4A75953AAE595D0FA53EB4CDB727E75AFE45AB5ABE5F3E197ED45FE19AEA92E95F6ADE9A676FDC28E2869DE2E6996EBB4557879D1BBB8F5DA23AE2553291394835776BB893DFC491BA6A61E222275247825695A13D0F5DA3BB4377A766D8BFC2FAD7EBEB47D23EDEE7DA2F71E816AF4BE5B6385641BDB097576A7BE32DCD7534D2FE8CE47CF0B7A055523732ACC1718E6EAEC19A6412ACC0719CF0E8EA19A64128180E339E1D8334FC4AF28182E359DAF19A64128182E37CD8EC19A64128986B6F94BD432C90C91F11C918000000000000000000000008AF3B80E52C994DB7C9EB18B64B18F499EDB7EAF78C1BE844D1899ED359616E71837E0598C0A2D336EA183658840A2D31CC23722CC2052698CB0EBEC11B659856506A3F35B9CC60E4588D6708BCD5F1FE5E9253DC33D172BC3D764C442B5356585DCFD1E24C6B7DAA5C1527166A53232C96E3BFCCCB2B4EE7CEBDE6FB1F24E571BF1ACD42CD49F9575B5D2FB17475BFB7CB3EA17BC2CE5CDF22E572E1D5CA3FD59ADF0525B211EA935B5BFD94D636BCAEB333C4F1331DC0F0900000000000000000000000003FA5F09F89558E15EB2A6EA6A638E2A2A5C446AE5349573356A33AE27C64371067BBDEA505BECACF16DE4A5595E474F5DA3AF5BA774CFF0017ECBEA7D0FF005F61BDF6EF3DD4FB7F99C35F437E9E71647A2706F6A7DBD317D0D26778506443ABD3A0D569EF224C0A9C38D508321077A1F893194488EF20FF00BAE32E1197318F38929426E1358926D35DA8FAB2A9D5A9A21A8A1A9536454A2D6E6A4B29FC533D1D8F9E1ECF790E548C255939D633C2DCC24522B4A04E759CF0B738CD32BCA04E759CF0E8EA1226569409CEB5FC4669F895E50301C6FD7EF19A7D2579471DC60B88E5219A2092E83E4393000000000000000000000321B47ACC70D92C63E067B4DF698C1BF127844A2D359616DA236FC0B30894DA6B2C3B446D96A1029B2CDBA846D966102A32C737517688DB2D420536A3F35B9C46E45A85661EA5ACC2D27A6ABDA9EA26450A8148A855E463BA6B6E0457249B48CFFCC78DBDC49666A5110E69AE57DD1A61F8A524BC76186BB53572ED05DAFBFF00C2A6A94DF745378F8EE5DE7483C58A7CD87A922CEADCD7E66ABD4F4683ACB5521E2DD4D3AA7AB14FD6E1D2DA419778828B4297114B4A8CCD0E2D482224A4887A3E8671952E35A4A8849C23DAA3B1BFEF267CA7EE2A6DAB5D1B757372E61A8AA37DB9FD995D9B2304B7ECADC339DCDB5B91FCC05D3400000000000000000000000000001DBC7933D725ABB8587A6E5BDDE553424D3A51A54A2538AA24EEF26519D3C6FDC68C9F8C9D898E43A1FB874DE86B7D68FE0B567E2B63FB9FC4FA4BE98736FF0052F6FF00E46C79D468E7C1DBC12CB83F879A2BB2272B5D8FCD6E631A4523D0A75931D633C2DF031226559D64B758CF0B6C31226559C098EB39E1D9D8244CAD38131D6B3C06699567026BAD760953F12ACA24E71176377A4669F815E5130569B8EFE419A2068F40310000000000000003E8DA6FC470CCE28A0D23D67EC18364F18945A6F2C3B460D966112A32D5BE0236CB508155966DF011365B840ACCB39616D84236CB7081599632C2DF1311365B85656663E585BE26236CB70ACE3EF999ABD321E8FA3699AB3EA8F49D4D5C6A66A95A0CD2EA743E8F416A6D4E4CA92647DFCF387160349FEDBF3908FED5C7B3E4F09CAF95D5ED9C2388FF001CFCB1F82CB93EC4750F7D6A34F5F2DAB41A978D35F6A95BD7E853FD5B71DB2C46B5D72B123A72D6DAB67EB8D5BA8356D49286E5D7AA7267AA3B6666D43616ADC87018BEE3F0F4F8686D86F621B21DFF004F4474D4428867862B1DFD6FE2F69F33735D7DBCDB995DCCAFD965D639616E8AE88AEC8C7115D88D5B78C4C6BF850DE301C286F180E14378C070A1BC603850DE301C286F180E14378C070A1BC603850DE301C286F180E14378C070A3973E4AF55C9A1F1AA9F45396CC7A76AFA55529135A7D7BA87E4C588ED5697DCDE649F19E2E1F76DED4BCB4962A1A2F70D0ACE5CECC373AE49AF8BC3F861EDEE3D1FE96EBE7A4F74C34BC4951A9AE70927D2D273863F7B2B0BBDAE93B8C7A3E780E82A47D313AC92F319E16E712A6549D64A798CF0ECF4F309132A4EB24BCCE785BA84899527024BCD6787609532A4E04A79ACF01226549C498EB79E1DA244CAD3893DC47A8C48995A51F13094571DC322168F0070000000000079495E7701CA466B48CB610C1B26822934DE56C060DF4966112A32DE56B846D96E112B30D6422932DC2058619CAD7175889B2E42058619CB0B759889B2E5702C30C658089B2EC2058623E58089C8B90ACEA1FCE87134B516BD93A5E9931A7605122B7499096164BDC2665266CB61D34A9494BB36A6D36E3A82FF4E24633B95BC92EF9EDED1FA3A5574D3E293CFD985E0B777C8F9BFEA873EFCEF38972FD3C93A6A8A83C3EA7C4D3ED94926D7542BE9CA38483B19E5400000000000000000000000000000067D2AA93E8953A7D669725C8752A54D8B51A7CB64EE7634C86F224467DB3C4B79A79B232E4C0613846C83AE6B309269AEC7BC9B4FA8BB4B7C355A7938DF5CD4A2D6F528BCA7F068EF8781DC6BD33C6CD271EA54E90C46D4D022C66F5569D528932E993CD04876430D28F7E45225BC95298793796E9EE2B75C4A925E67CCB975DCBAF709ACD2DF965D0D7DCD74FEA3EBAF6A7BA341EEAE5D1BE8928EBE115EAD7D31974B4BA60DFE19756C7869A3FAD3EC6785BA851523B059591DF633C2DD4254CA73811DF673C2DB04A994E7023BECE7D3FC04A994E70243CD73095329CE24979BECEA1226549C498EA33D87EC31227D0559C49CEA33DA4244CAF24638E4880000000000FBB49F68E1B248A28B48CBDA23659822A32DE5ED11B65A844AEC376F8089B2DC225961ACB0FE3D8226CBB5C0B31DACADD222932ED702DC7672C2DD66226CBB5C0B51D8CB010C997AB81C53F36FC6D77867A1A5E9FD3139C85ACF509331235423C8658914782B75B5CF951094AF12ECE544236D2A693FEDBBE4B8A5A146D12F75C8F97AD66A55B7ACE9E1B71D6FA33D99EBDF8C75E3CFF00EA37BAA5C87944B47A09B8F34BB0949349C2395C4E3D2E58D995F878949B4F873D2D38EB8F38E3CF38B75E756B71D75C5A9C71C71C51A96E38B519A96B5A8CCCCCCCCCCCC7A1A692C2DC7CB9272949CA4DB93796DEF6CF40E24620389001C4800E240071200389001C4800E240071200389001C4800E240071200389036CD13ADF52F0F35253B55E92A9BD4BACD35CDE6DD6CF79992C28CBBF833A399F772E04A4A775C6977A5458E06446506A68A3574BA2F8F156FF00B657535D66C795735D7F25D74398F2EB1D7AA83D8FA1AE98C96E717D29FE93BDFE0D713E99C65E1ED275A4069B892DDEF2057A96870DCFD2ABB0C9053A2128FE6530B2710F326AF994C3A833B9579179A6BF473E5FAA969E5B63BE2FAD3DDF1E8EF47D73ED8E7D47B9F92D7CD294A363CC6C86FE0B23F8A3DCF2A51E9E16B3B4DFE4319E16EA15A2CDB59022BECE785BAC4C9946C8111F6B3B74895329590233EDE76B5E254CA56448EF379DB112A6539C492F233B62254CA938931D4F2FAC48995668C05A6E319A2068F5031000003CA4AF3220672B799CD27D443064F045365197ACC46D96A08ACC22DF011B65BAE25961BCB0FE3D822932ED712DC76B2B7A4C43265DAE25C8ED6586CFE021932FD702EC767210C997AB81723B195C58DDCB8974F31089B2FD703ACDF3C5488EB8FA827B8D9266D32668D5B92F7524EC866A316646A4C041DC66DC18CFC5ABCA5A12644E3F292A55E6DA6EEDFEDBB1E6105F85A9ECEE6B2FBDE62BB9769E17F55F4D075DD735FD5AE54E5F4B5252508FF0A6AE934B7CA49BDC8EB02F1DCF0782710BC303885E181C42F0C0E217860710BC303885E181C42F0C0E217860710BC303885E181C42F0C0E217860710BC303885E181C47D63B7DFBEC31BC48EF9E6DADF55FBA8EF16946F2AEC6E4DF798E1EC4DF51943CF350DD969789D8E7928AB56F877C5CD5FC20D437B6D57D8AB9C46F7946CAB5168AA84E8129C8A4A22B932A14697BC781A8986EFC88752F71575EAF415EBEADF1C67F8669359EE78F167B6FD2DD4EAB92FB8F53EDAD6EC8DCA78EAF52894A2F1DF153CFF000C4ED1A4339E16ED1D362CF7AB204290CE785B689A2CA36408721ACF0B72FAC4D1650B204390DE76C3B04B1651B22457DBCC4C994A7123BE8CED8891329CE24A7519F3E06254549A263A9CF9866995A48C71911000001F568B9470CCE28A4CA72F598C196608AAC232F5889B2DC116184656F408A4CB95C4B71DBCADE93114997AB8976337974760864CBD5C4BD19ACB010C997EB897A3339602093361540BF199CB010C99B0AE075FDFB87698A8B7C3FA26AAA721BFD3DCAED2E91A948CC89DBA3B35691A7A4A4B0DF4B6FCB92D2F332EF51715D799768F6A5F0FCD4A89FE2E16E3F6717E85E0CF1DFAD5CBEF8F25AB985097A2EE8C2DEBD8A6EB7F06E49F7A3A771DFF0028F994065001940065001940065001940065001940065001940065001940065001940E5A706F41B1ABF4251E148AA4354BD4BC537A8540D3B1E1C3F1EFCF8BA6E3266D7EB1356DAA7B94CA41572338CB695A63466D996FAC8D571A745CC357E86AA528C5E2146652CBC61CB6452DD97C2D75B6E28F47F6C7278732E4F5553B21EADFCC1D75D694789C954B8AC9CB1C4E30F520E2B2A3151B66F6E31FDCA992DBAB7193837C50A31FFB4D59E6478C749A6BE8232F1BA665D56889892107711A9A5B356966AE4BD47CE35B35C1CBF51A2B3F14347537D9249E7F423B65164753EE7E59CFF4BFE1EA79E6B6117F354E70C3EEC4E79EF3B5892CE780E93167D076408125ACF0B7689E2CD7D9020486B3B7A04D1650B224290DE7D3DA268B2859121C86F3B7A04D1651B22457D19E1FC44A9946C44779198951526898EA7DA244549A3014571990CD1033C01C00065349C8BA6DD03164D1454653ED11B659822BB09CAD908A4CB95A2D47465EBEA1148BD5C4BB1D195BD221932F5712F466F2B5AE210C997EB89B0466F2E810499B1AA26C319ACBA043266C2B89B0466B2C365BA441266C6A81C13FDC726D5A1F0534E438718974BA9EBDA7B55897BAA52A39C6A4D5E553D92B8F75099521B519A8F95A24FF0068764F694612E633949F9D54F0BAF6A4FC0F27FADD66A2AF6AD15571CE9ECD6454DF56213715F16B7F663A4E92AF3DA63D18F957085E7B4C0610BCF6980C2179ED301842F3DA603085E7B4C0610BCF6980C2179ED301842F3DA603085E7B4C0610BCF6980C2179ED301842F3DA603085E7B4C0610BCF6980C23993E54154C8AC6BCA82A94E553503E5A7F49D1DB4C942265495AB5CA9456743E9C64946FB156D7D3E1371E7CF224A69DA7E3D4164A25AD03AFF003C5393AA1C5C352E293D9B170E3CF2EC82798C7F6A6E2B764F4FFA75F97AE1ACBBD3766B5FA74C36AE297ACE495152DEA7A894546CB3757A78DCF3968E5D70C6831F58798DD21A3686F3554D1BE57F4DD69DAF56A22128A5D6B8ADAB5F92BD492E2A1094A1A4395F92E9B2DDC7DD95396493DDDD1A2D658F4FCA6CD459E5D46B66B853DEAB8E3853FE54B3FC48F47E45A3AF99FBDB4DCB34AD59CB390513F526BF04F57737EAB58DD9B1CB85747A6F1B30762525ACF0B7618EAB167B35B035E92D6786D13459AEB626BF25BCFA7B44F166BED89024B79DB2EC13459AEB6241908CED8727A84D1650B2243908CED909A252B1119F4E6258B294D125E4E7EB12A2A4D135C2C6F19A2B491F31C981E48AF320395BCCF68B1B5B9060C9E08A8C272B622365B822CB09CBA0844D972B45C8E9CBD7EAC84322F568BD19197ABE2621917EA46C119195AD70824CD8D513618A8CADEFE610C99B1AA26C515BCAD6C041266C6A89B1C56F2C041266CAA89C4FF3EAFC489E59B55A65530AA0B9958D2B121BA67BA54A96AADC57D353DE2F988D2CB0B60AEFE637EE3C0CC6EBDB09BE730C4B09464DF6AC3D9F7FC0F3EFABF2AEBF61EA7D4AF8DCADA545FC8FD44F8BC138FF003751F9FB1EA5947C6A032800CA0032800CA0032800CA0032800CA0032800CA0032800CA0032800CA07F6BE02EA3D5341D7251B41D29DAB6BED4B4D99A5742A90B322A1EA5D4248A416A66D277B653293419B3D2CBAAF963A9EEF547B88511EBB9A5745BA6CEA65C3A58494A7FBD18EDE1EE7251CAE9C60ED5ECFD6F31D1F36F4F93D6ECE717D72AA8FFB76D9E4F55747142B959C2DEC8F1713D899DF9703382143E05F0FE0E93A6A933EB1254553D59A81493F115FD40FB49297294B73FCD4C262EEEA3367FC8D248CEF714B52BCC399732B399EA9DF3D95AD918FCB1EAEFE96FEEC1F60FB4FDA7A4F68F26872DA3CFA9979EEB3A6CB1ADAFAF856E8AE88EFDADB7FD2A5379DAD790AB166E6D89AE4A6F3C2DD3CC278B35D6C4D765233B5B013C59ADB626BD2519DB2EC13C59AFB6240928CEDCE42689AFB110A4273F589A250B1111F4E7D2264CA362243C9EA12A2A4D12DD2C0F98FB0668AB25B4C719111EED97CC0CC914592CB9CEDEE11B2C4115982CBD3DA23917208B51CB2F5FC04322ED68B91939747B3310C997AB46C11939747B7B04323615A3618A8CAD9F60824CD8D48D8E2A32B7388246CAA46C71519616CCC41266CAA89B2456F2ECB662BC99B2AA2687C72E1843E2EF0875BE8294B361CABD1DC7A9B292DBAE1C4AD52DC6EA946926D32B438F36DD4A1B7BED91DEE22F4F28B1CBB5B2D06BEBD52DD196D5D69EC6BC19ACF75F20ABDCBEDAD5F27B5E1DB5371787E59C31383C2DAD29456574ACAE93F2ECA25A14A42C8D2A499A549516EA92A49DC69511911919196243D9F61F0238E1E1ADA78DE3DA1847184378F68610C21BC7B4308610DE3DA1843086F1ED0C2184378F68610C21BC7B4308610DE3DA1843086F1ED0C2184378F68610C21BC7B4308610DE3DA1843086F1ED0C2184378F68610C2393BE58EB3A93869AB6271CE954EA657E87A0EBB4AA0EAAA014B89FD4CFD275A46A8D35D99A7E94F6ECA9AFC765A72E5C7352DB70924E27B953AA4E9B9CD74EB287CB66DC6CB62E51961F0E6187893DCBE3F0DB83BF7B0B51ADE43CC63EEDD342BBB4BA3BA15DB5F12F55C2F528B75C1ED93493DB1DA9E32B85C9AFD1BA5E6A7448D363939DC4C8CC4A67BD696C3BDCC8692F37DE32EA50EB2BDD595E95112927819118F26C38C9C5EF4FF0041F6CB946EAE36C33C128A6B2B0F0D656C7B53C743224A4676E71345942D89ADCA4676CBB04F166B6D89ADCA4676B602C44D6DA8D765273B7309E26BAD46BF2539DB213C4D75A8832139F4FB44D1650B110DF2CFD6268946C4467CB3122294D12DD2C4F9CADEE12A2A4CC2E5191174E0FAB45898E19944A4C965EB11B2CC0AEC1656F47BC472FBCB95A2DC72CBA04322ED68BB18B2B7308646C2A46C319395B9843236152EA3628A9CBD9EE1048D8D491B2454E56E615E46CAA46C91139656C7DC42091B3AA26CB11190AF266CEA89B2C446585B210499B2AA27E777F701D2F45D27E64F51C4A0E9A87A6A0D4E8B42AF389824E371AB350AB30EBF53AE2632946C45724D409C69C4B2496D4E30A70CB7D6B33F55F6B6A2CBB9441DB373946528EDE84B747B70B6EDEBC6E3E2DFAC9CBF4BCBBDF37D5A3A234556555D8F8774E534DCECC6E4DCB29A8E13716F7B670A4762E23CAC071001C40071001C40071001C40071001C40071001C40071001C4007103BB3FDAEF878C43D05AFB897320B0736BFA8E3E9AA44C75942A4334DD3F0532671C47949371A6264FAC921CDD3225AA315F7EE95DE75EF3D5B9EAAAD1C5F9610E26BB64F0B3DC96CEF3EAAFA03C9615727D673DB609DB75EAA849ADAA35C732C3DE94A53C3C6F71EC3B37948CF0B7F11D422CF75B626B52D19E56C44F166B6D46B52939DB96E16226B2D4CD6E5273B7309E26B6D46B92939DB904F13596AEA35D9259DB904F135D6AF120482CFD7F013C4A16A213E59F4895142C233E59FA04C8A5344A74B1B5B94488A93302EF9AEE719F410F4E4FAB5CB6DA38665129B2597A046CB30FBCB0C165E8211B2E565B8E5EFF808197AB2F462CBFC221917EB3618A591FA3DA62191B1AD781B1C52CBA3AC412365560D9229161D1EE15E46CAA48D9A22722B720AF23675246CD108B0B72F608246CE948D96224B0E8F75E2BC8DA5491D537EEA1C2D5CBA070FB8C14F60D4BA2CA7F43EA27109BCCA054BBDAA69F90E9915E9622CF6A5B466786FCA41728EEDECAD6A8DB6E826FF0012E38F7AD92F1587F067CF9FFB03EDFF005747A2F73531DB549D167F0CF33ADBEC52535DF3474A779ED31E867CB7842F3DA603085E7B4C0610BCF6980C2179ED301842F3DA603085E7B4C0610BCF6980C2179ED301842F3DA603085E7B4C0610BCF6980C2179ED301842F3DA60308FD347922D3E9D3FE55B84CC1B06C3D52A4D52BEFEF24D2A7955DAFD56A51E42AFB8CC9C84FB5BA7CA822E41E3DEE3B5DBCEEF79CA8C947C2297E9C9F767D2BD14745F4FB97438712B2B958FB7D4B2724FE316BE18391F2C8B1E9EB1AA89DCED48D665A4B1B6D216226B2E48D6A59676E413C4D65A91AD4B2CFA7AC5889ACB5235B9459DB944F135B69AEC92BAFB7289E26BAD5E26BF24B3E913C4D7588852397D25EE1347EE28D8457CBE3D425451B090EF58951567D260FF006FA7E23220E9F81F46B2E906730DE53673E8F888DF416AB2C305C9E82F788996EB2E47CCADC821917EB2F46E4FF08865BCBF5EE3618BC9D02091B2A4D8E2E65E82F70865B8D8546C91322B7210AF236751B345E4B728AF2E936749B3442CBA3DC62BCFA4D9D2B26CF108ADD02BC99B5A52D86A7C60E185338CBC2CD69C35AA290D33AA28AFC4892D6825FE9D5861689B44A9926E3357E9D568CCBC64571A92834F289741AD9F2FD6D7AC86F84B2D75ADCD7C5368A5EE4F6FE9FDCFEDED5722D46C8EA2A6A32F966BCD5CBF966A2FB52C1F92B9D0DFA74D994F92494C9832A44390949EF249F8AF2D87492AB8B7889C41DC7CA3DC63671C5496E6B27E745D54E8B654D9F8E12717DE9E198A32E26460389801C4C00E260071300389801C4C00E260071300389801C4C00E260DB341E9597AEB5BE90D150095E33566A5A269D8EA416F29B72B1528D009DBAE3C1927F7CF9088841A9D42D369ACD44BF0C20E5E0B26C79472EB39BF35D372BA73EAEA2FAEB5FCF251CFC3393F5C7028F4FD3F47A5506951D1169745A6C1A4D3A32088911E053A2B70E23082222224B51D94A4BD03C32564EDB256CDE672936DF6BDACFD1CAF4B468F4D5E934F1E1A2AAE308AEA8C52497C1244C9659DB904B0653B91AC4BE5F49FBC5881AAB8D6655BDA2C44D65DD26B32F97A7DC42C40D65A6B92B97A7DE278F41ADB3A4D72572F4FBC4D135D6EF35F93CBFE21623F79AFB7790A472896250B08AFF2FA4FDE6265F7146648772E9EB12A2A4F7985FEA0CBA3E257E9FEDD6796B2066502A339F47C446FA0B5596183E5E62F888996EB2DC7E4B7208597EB2F46E4FF0008865BCBF5EE3628A797408246C6A783638BC9E82F708646C6A36489915B9085791B3A8D9A26656E5215E46CEA36588795B6908266CEA36788677173F510AF246D296CD9629E56E515E46CEA6CFCA979AED052386BE6238B3A61C8EE468A5ABEA75BA4254934A1744D4AE9D7E94A64EE24ADA443A8A5BBCAF22520D39918F6BE49A98EB3955172797E9A4FBE3E57F6A3F3EFEA1F279723F7A731D04A3C35FE665643F82D7EA431D98925DE9AE838F579ED31B53A6610BCF6980C2179ED301842F3DA603085E7B4C0610BCF6980C2179ED301842F3DA603085E7B4C0610BCF6980C2179ED301842F3DA60308EC13F6D8E1A2F5CF98A83A9A4B06E523863459FAA642D49BD93AC4B42A8B408EA3B8C89E29139D94DFF00F0CCF90756F776B169B94BA57F8974947E0B6CBF425F13D8FE87F227CD7DE91D7CE39D3682A95ADF471BF256BBF32735FC07E88252B3E6EA31E57147D9B7366B32CF3B7209E06AEE6D9ACCBE5B728B1135969AD4A3CF9BA8C5889ACB8D665F2F4FB885881ACB4D6E51E7E93F789E26B6C7866BB2B97A7DE2789AEB4D7E4F2FF884F135D6EF20C8E5F4FC04B1FB8A16119FCFA4FDE265F714A648772E9EB12A2A4FA4C1FF0053A465D057E93D9AE5E8F883398BDC5364F2F408D96A0CAEC1E5E82113FBCB9596E39E25E9F7889976B2F463CBA3D862191B0AFACD8629E56E51048D855D66C714F2B7288246CAA7D46C9115974750AF23675366CB114785B93B04123675366CD11590AF23674B66CB115965C9D42BC91B2AA46C91559636C8412367548E95FF0076FD31123EA3E0D6B362232DCBABD1B55E9EA8CD436497A4374397459F4C664384446E131FAE49DCBF12251F20F40F63DD274EA34EDF96328C92EF4D3FD08F983FF633415C35BCB399C2295965575729636BF4DC2514FBBD4960E9E477CCB3E6B01960065801960065801960065801960065801960065837AE1DF0D75D716352B1A3F877A766EA8D472234898DD3212E2B2B2891773C4CA75F9B222C48F1D8EF13BCB71C4A4B78B68ADAAD669F434BBF55350A93C65E77BEEDA6DB92F22E6DEE2D72E5BC96896A35D28B970C70B62DEDB9349259DADB3F465E48BCB4D47CB770BA7C4D58508F885AD2A68AC6A8282FB7318A64584CAA2D1280DCD68BBA97FA7B4EBCF38B419B7E225389429684A567E53EE2E6F1E6FAD52A33F95AE388E7665BDB2963A33B177247DABF4B3D8D77B1F904EBE63C3FEB3AAB14EDE16A4A2A2B10AD496C7C29C9B6B6714DA4DA49BE5ACB5676E61A58A3D06D66B52959E4278A3596B35996A3C45889ACB9B35A96ACFA7A85889ACB5B35A94ACFA7DE2789ADB5B35B9479F3F598B113596B35D9279DB96F13C4D75AF1B0D7E49E7D27EB31344D7D9D4439079FA7DC265F7142C22BC7F112A2959D24977AC4A8A937BCC1BFE7E9F88CC833B7E0796F31C3112932790C196A05760F2B7388A45B832D47565D1EC1148BB5B2F463CBA4BE221917EB65F8CACAD9908246C2A66C515595AD888246CAA66C915595B9C41246CAA66C915595B9C41246CAA66C91579656EC15E48D9D4CD962AF2B7308248D95523648AE656F5748AF246CEA91D68FEEB3A564D5F827A1F564668DD4691D7898F3D4446671E9FA92932E377EA322C1B3A953E33677FF0069C48EDBECABD57CC6CA25FF0052AD9DF16BEE6D9E23FF00B03CBE7A9F6B69798C16569B57897646C8359EEE28C57C51D028F4F3E4200000000000000000000000003B5CFDA5F4C9CDE30711B572DA3533A6F87EDD210E5DF2B733535760BAD16CDE5C5A03E5B6EBC749F7C5DC3A0AA8E99DB9F8462FFF00C91F41FF00EBBE87D5F726B798B5E5A346A19EA95B645AFB2B91DF0CA733B5B11E6B147D656C8D7252F3B7315C278A35D6C8D6E52F3CADD8278A3596B35B94BCFAFA4588A35B6B35A94ACED7F2FBC4F13596B35B94ACF1B7F116228D6DACD7252B3B7309E26B6D66BD2559F4FB084F135D6BF020483CFA3AC4D12858C86F9E7D2626450B1919F3CFD1709514E6C94E9E3D16F709114E6CC1E519F4117ED1E507728ADCC0C228327EFBC60CB10656655F031132DD6CB31D595B3ED1148BB5B2E47565D1EC10C8BD5B3608CACADCE2192361548D822AF2B7388246C2A66C715797F0E710491B2AA46C715CCADCE2092365548D8E2B99636FE02092365548D8E2B99636FE02BC91B1AA46C715DC841246CAA91A7F18786F4DE3270AF5BF0D2A8B434CEABA14983165B89DF4D3EAED1A26512A7BB728D5FA755E330F5C58A89065CA26D0EAA7A0D6D7AB86F84937DAB735F159451F71F25A3DCBEDFD5723D46147514B8A7F2CD6D84BF966A32F81F92FD4BA76B1A4350D6F4AEA184ED36BBA76AB3A8D5780F96EB916A14E92E4594C9DF712892EB47BAA2C149B8CAF2321ED74DB0BEA8DD53CD738A69F5A7B51F9EBAED0EAB96EB2DE5FAC8386AE9B2509C5EF528BC35E2B7F4EF225E5B484855C31796D201862F2DA4030C5E5B480618BCB6900C31796D201862F2DA4030C5E5B480618BCB6900C31796D201867E8FBF6DDE0D4BE16F01FFAAAB915713517162747D52B61E41B6FC6D2F1A32A369561D4995E472A3BCFCE4F2F7735247719190F29F75EBE3ACE65E8D6F3550B87BE5BE5F72F81F6B7D13F6CD9C83DA5FEA1AA8B8EB798CD5B87BD54962A4FBD3959DD35D473C64BB9E3B6DD03AE451EAD6CCD7A53B9DAD7109E28D75B235C94E678DBF809E28D75B235C94E67D3DA278A35B6C8D7252F3B73989E28D6DB235C94BCED6C4588A35B6C8D764AF3B65DA2789AEB59AFC95676E713451AFB590642B3E9F689A26BEC6437D59DBD226894AC64778F3E73F70962529B25BA7FCDEAF80911564620C887B4166072B799CD1E25CE43164D065461597A844CB7065861595B21148B95B2DC75E5EBEB114917AB65E8CBCAD965EC10C917AB917E32F2B7A041246C6A91B0C573210C91B0AA46C515CCAD6C441246C6A91B145772C6DD82092365548D8633B962209236354CD8633D9636EC10491B0AA65F8CF65888648D85733A95FDC8FCA93DA8A23FE61B87D4CEFAAF4A86DB5C4DA4C268D4FD4A9309A4330F57B0CB646A76552233696675C466A8886DDB889970D5DD7DA7CED5325CAF54FF00A727FD36FA1BDF17DFBE3DB95D28F9FBEB57B025ACADFBC793C33A8AE296A6115B6508AC2B925BDC16C9FEE252FD9937D1EDE43D1328F96B285E41943285E41943285E41943285E41943285E41943285E41943285E41943285E4194328E74F918F2AF2BCC27109BAF6A484E27853A1A6C697A9DF750B4B3A8EA48DD930747C473E5EF0E616EB938D277B30F0334ADE68CFAE7B8F9D4795E97D3A5FF9DB1623FBABA64FBBA3ADF6267AB7D2AF614FDE1CE16AF5B17FFF003FA49276B7BAC96F8D2BAF3BE78DD0EA7289FA525A9A61A430C36DB2CB2DA1A65969096DA69A6D2486DB6DB411250DB6849125244444443C9526DE5EF3ED8938C22A1049452C24B624BA91124BD9E2268A28D9320497B3C44F146BED99AF49773C44D146BAD99AECA773B5AF313C51AEB646BB29CCED6C44F146BAD91AF49733B5B113C51AEB646BD2579DB2C4C4F146BAD910242F3B627D8268A2859221C85E76C084D1450B1915F5676CC4A914A6C90F2BD84254539B263A787A6DF11222B499F01C918006434AC0B9870C962F694D9575908D9660CAEC2F2F5889A2E419663AF2B662268BB5C8B91D795B1210C8BD5C8BD19CCAD6B843245FAE45F8CEE56EB310C91B0AA46C119DCB110491B0AA66C119ECB1D96E910491B0AA66C119ECB110C91B1AE65F8CFE5888648BF5CCBB1DFC842E25FAEC2C36E21D6D4D3A9438D3A8536E36E24968710B234AD0B4288D2A4AD277191E064216B6E56F2EC66A4B8658716B7747FB8FC90F1BA9D028FC66E2CD2A95123D3E994DE24EB7834E8111A4B1121428BA96A4C45891584112198F1D84250841609491110F6CE5F294F4144E6DB9BAA0DB7BDB715B59F9E7EE8A6AD3FB979869E88A8510D6DF18C52C28C55B24925D092D89751FCBC5C344000000000000000001FA4AFDB71A6627950D26E34D21B5CED49AD65C85A52446FBC9D432E0A5D70CBF99451E1A1BBCF1DD411720F29F75E65CEA79DCA105FF000A7F79F6BFD1551AFE9F69DC524E77DCDF6BF51C73E092EE47376448CF11D7E313D3ACB08721FCF11345142CB08325ECF1DB6E91345142C99024BD9E2268A35F6CCD7E4BB9E36EC213C51AFB666BF25DCF1B7609A28D7DB335F92E66278A35F6C88325CCED6BCC4D146BEC910642F3B626268942C911242F3B642648A56488EFAB3B602548A5364A7959F389122A4D939C3BCFD02445791E8062001EED9DC776D0665165169597308DA2CC195195F588DA2D4196185E56C044D172B916A3B99636E41149176B91723BB95BD221922F5722EC7772C7608648BF5C8BD19ECB1D9CB6C843245FAA65E8CF656B5E21923615CCBF1DFCB1B6D10C917EB99723BF963B042D17EBB0B8C48CB110CA25DAEC2C31232C6DF12114A25D8587E5078FA77F1CF8C87B78A3AF4FD7AA2A83D9796BC72EA17FD987FCA8F823DD9B7DD3CC9FFF007EFF00FCB23F918BDC475E01C40071001C40071001C40071001C40FD26FEDE8B267CA6F0ED37FF003CFD6CE1FF008B5A57BDC443CA7DCFE6E756BEC87FC913ED1FA432E0FA7FA35FBF77FE6B0E623F233C469144F42B2C2348919E2258C4A56584390FE7D2268C4A36584192FE78DB689A28A16CC8325ECEDD0268A2859320C9773C6DDA268A2859320C8773C76F6FA84D146BEC990A4399DBD04268A28D922248733B7A44C9146C9119F5E7EAE812A452B24487979F389522A4D931D567CC245D65593308F131910B00700002C00E56C331A5647EB18B258B2932BCB9846D16A122B30BCAD808DA2DC245861CCAD876089A2E5722D47772C7676188648BB5C8B71DDCADE92114917AB99723BD96221922F5732E477F2C443245EAE65C8EFE58DBAC44D17EBB0B6C48CB1B75086512ED76165891963ED1138976BB0AECC9CB11138972169F952E373E97F8CFC5C79264697389BAF16932C48C8F54D56E323C6F2321EC1CBE2D68295FF6A1FF002A3E13F73BE3F727309ADCF5B7FF00E591FCBF78B68B7866930C6F16D0C3186378B68618C31BC5B430C618DE2DA18630C6F16D0C3186378B68618C31BC5B430C619FA2DFDBDAA6DBFE56345308591AA056359C47888F14B8AD51539A94995F81F732D07D23CC7DCB06B9C58DF4C62FFE148FB03E925E9FB174D05BE165C9FF00F2CA5FA1A398EF49CF1F6DAF1A4513D0A76121F91CFED12C6253B2C22C8919E36EA12C6252B2C22487F3C44D1451B264390F67889628A364C8521ECF1B6D1345146C991243B9DBD04268A28D93223EE676C7B04A9146C9119F704C914A72243CBCF9FDC2448A939129D5E7ECB5E2448A9364E755C824456933E2393000000000FA36AB8EE1C3338B2834BF60C1AE82C4195195E5EC11B2CC245565CCB1F47508DA2E4245861DCB1B6C114916E122CB0EE58DBAC844D176B996587B2C6DB444D176B996987F2C6DD421922ED7616989196222944BB5D859624658DBE0622712EC2C2BB3272C6DD622712E42D347E22F1A787BC26D3950D49AD35253E9F1E0A1C4B50112597AAF529C942D4D5329B4D6D67264CE7D48B88893BA8C54B34A094A29B4DA1D4EB2D555116DBE9E84BADBEAFEDBCA1CDBDC9CA79168E7ACE63742108E711CA7293F9631DEDBFB37B69659F983D45587B50EA0AE57E42771FAE562A7587D17EF6E3D539AFCD713BD715FBAB7CCAF1EAF54555546B5BA314BC160F8B757A896AF576EAA5F8ADB2537DF26DFDE4719F1158071001C40071001C40071001C4007103B42FDBDFCCB69ED01FAC70835E55A3D168F5FAB22B7A46B33DD4314D8B5C92CB30AA5489F2DC326A1B75344661C8EB70D2D25E42D2A5129C40EA7EE4E5766A5C75BA78B94E31C492DF8DE9A5D9979ECEE3DB3E93FBCB49CABD4F6FF0034B157A7B6CE3AA72788A9B494A127B971622E2DECCA69BCB4772CE4B4AD24B42C948511292A4A8949525457A5495160646595C3A4A89F424AD4D656E253F273C6DCE24512A4ED243F233C44AA2539D8457DFCF1B758963129596119F7F3C44B1452B26457DECF1B7509628A564C8AFBB9E3B7B4C4D1452B26477DDCF112A4539C890F399DB01224539C894F2C4A9741567226BABCF610911566CC233BCCCC6442CF007000000000006536BC8FD631689A2CA2D2F2C7D03068B10914D9732C7B046D7896A122B32EE58DB6889A2DC245661DCB1B6D211B45B84CB0C3D963D9CFE811345CAE65761FCB1B75089A2E4267F17E2179A4E0DF0B5F5C0D41AA5BA8569A51A5DA169B6BF5BA9B0A2FE644BF0EE260C070BFB921F697B08C5BD3F2AD66A971570C43ADEC5F0E9F0469799FBCB9172693AF537715EBF62B5C725DF8D917D92699D76F157CFBF14B5454A446E1C3CDF0FF004D36B53715688B02A3A92736951DCFCF9B3589716129C222326A32126DDF71BAE7F30EC3A5F6FE96A8E752BD4B7E2A2BB92DFF001F04796F3AFA9BCEF596B87297F95D1ADDB14AC7DB26D34B3D515B3E67BCE34D6F8F9C6AD464A4D638ABAEE534ABF7A3A3535522453BF32F090A4C68C447B372E1B3872FD157F829AD3FE14DF8B3A8EA7DCFEE3D5ECD46B75528F57A924BC134BEC3F943AF3921D71F7DD5BCF3CB538EBCEB8A71D75C599A96E38E2CD4B5AD4A3BCCCCCCCCC5B4B0B0B71A49394A4E526DC9EF6F7B3E7796D21C98E18BCB6900C31796D201862F2DA4030C5E5B480618BCB6900C31796D201862F2DA4030C5E5B480618BCB6900C3393BC1AF36FC5FE0CF86A7536B5FD4BA4D934A0F49EA671F9D01864B0345225F7853E8C6457EEA595F704AC54D286AB5BC9F47ADCCA51E1BBE68EC7F1E87F1DBDA773F6FFBEBDC1EDFC534D9EB6857FD2B3328A5FBAFF143E0F87AE2CEC834A7EE15C15AE53A2B9A9DAD43A36ACB3244C84F535EADC161785EE47A8D290E3B2231DF82971DA730C51919F5BB7DBBAEAE4D55C338743CE1F83FD67AD68BEAA7B7F53527AD5769EF7BD38B9C576A9476B5FCA9F61C83D35C74E12EB8DC2D2DC43D2B547DDDDEEE0955A3C3A9A8D776E97E9550544A924CEF22C5A23BF0CC50B341ABA3FC5AE6975E32BC56C3B2E97DC9C9398E3F27AAA6727D1C494BFBB2C4BEC3797A45F891DE4795C79FA39842A25C9D8487DFCF1B6C2E612A4539CC90FBD9E36D9E812A4539CC90FBB9E3DA7D42548A939921E773C44897894E7225BCE678FA448915672263ABF59FB0848915A4CC07157E0433457933E439300000000000000F64AAE30324CCD6D7EA318344D1978945A739FB460D1661229B2EE58FA3A846D166123EF2AAF4EA4C4767D56A10E99063A779F9B5094C4388C27FBCEC890B6D96D386666430E0949F0C5372EC2796A2BA60ECBA518D6B7B6D25E2F61C6FD69E73F845A47BD8D47953F5BD45BBD24D69F64914D4B857E0E56271B31D6D9FF7A3A6410BD5728D55BB678847B77F82FBF075DD6FBE79368B31A5CAFB7F71797FBCF0BE2B2707B8B1E6FF0089DC484BF4BA43E7A134C3C9536BA650A5BA75298D288C949A95749B8F2DD42D26646DB098ED29277292BCC6E749CAB4DA7F34D7A96F5BDCBB97EBC9D139CFBD79B7344E9A1FE5F48FF660FCCFF8A7B1FC16175A67140CCCCCCCCCCCCCCCCCCCEF3333C4CCCCF133331B5E23A71E0388E0071001C40071001C40071001C40071001C40071001C40071001C40071001C405E1C40FEC5A0F8FDC5CE1C1B6DE98D6B566E9E832BE8D5370AB3465279508A7D4CA4B31495CAA63BA5FFD429DFA1D26A7FC5AD7175AD8FC57DE6F7977B939D72BC2D26A26AAF965E68FF76594BE1867653C18F387A335ED2D1035F4EA4E88D5F1890DBE7324F83D3F5825192532699366386DC370D4644B8CFB9BC933BD0B70AFDDEBBABE536D12E2A139D2FE2D77FEB47A8F24F7BE8B98D2ABE632869F5AB7E5E212ED8B7B9FEEB7DCDF472A8A6B12996E4467DA911DF425C66430E21E65E6D657A16D3ADA948710A23BC8C8CC8C6BB85A787B19DA5DB19C54A0D38BDCD6E301E773C7B066915E7225BAE189122A4E44D75CCF1C3DE6244BA4AD2913DC5F2F29E43348AF26630C888000000000000000003E885DD818E199C5F89A86B6E2868AE1C4129BAB2B71E02D683544A7B77C9AACEBB0BA253D9DE90E277B0359925A49FF00328867569EDB9F0D6B2BAFA17C4AFABE69A2E5D5F1EAA6A39DCB7C9F725B7EEED3855AE3CECEA199DF43E1FD02350E39DE9455EB9B952A9A8B1B9C669ED9953A22F2C1C54A21B4AB94C16DBA4DBEA5B17EBFD0750D6FBD7532CC397D6A11F9A5B65E1B97C788E226AAD77AC75BCAF19AB35255ABCF128D4DA67CB71719833CCA2C249A21C44E3934DA0B986CABA6AA562A8A8AEC3A8EAF5FACD74B8F576CEC7DAF62EE5B97C11A9894A8000000000000000000000000000000000000000000000000007F5CE1AF1C3889C2B90DFF004DD6DD7693DE6FC8D39543726D0E4919DEBBA229C4AE13ABE5723ADA70F94CCB015751A3A352BFA8BCDD6B7FF6EF371CB39EF32E532FF2D6374E76C25B62FE1D1DEB0CE7768AF3A9A12BCA621EB0A5D43474C59212A9A933AC510DD3224A8D4F4669BA84649AF2DE8EB4A4B35F28D3DBCA6E86DA9A92F07FABED3BDE8FDEDA1D4621AC8CA99BE9FC51F15B5787C4E53D36B949AFC062A944A9C1AB53652096C4EA74A665C57526447F2BCC2D68DE4DF895F7A4F0322141C2507C334D35D0CEC90D4557D6ADA6519D6F734F2BC51EEE39EA19246129186A3BCEF1910B678038000000000000000226A1D4743D2949935CD45538B49A543491BF2E5B9B88252AFDC69A41129D7E43A65721B4254B59E0923319C212B25C30599321BF514E9AA775F251AD74BFEDBFB0E05F137CDFD5279C8A570D219D2619EFB4AD495365B76A8F24C94935D3E9EBEF23404AB34ADDEF5CBB1DD6D436D472E82F35EF2FA96EF13A5F30F74D93CD5CBD70C7E77BFE0B72F8E5F71C32A9D5AA75A9CFD4AAF509953A84A59B9226CF90ECA92F2CF95C79E52DC55DC857DC45810D9C6308AE18A4A2752B2765D3765B272B1EF6DE5981BC7B465E523C21BC7B43CA3086F1ED0F28C21BC7B43CA3086F1ED0F28C21BC7B43CA3086F1ED0F28C21BC7B43CA3086F1ED0F28C21BC7B43CA3086F1ED0F28C21BC7B43CA3086F1ED0F28C21BC7B43CA3086F1ED0F28C21BC7B43CA3086F1ED0F28C21BC7B43CA3086F1ED0F28C21BC7B43CA3086F1ED0F28C21BC7B43CA3086F1ED0F28C21BC7B43CA3086F1ED0F28C2373D19C44D65C3F9FFA8693AF4DA52D4A4AA44642C9DA74D24997C93A9EF1390E515C5711A906A497F2991E222B69A6E58B127FA4B9A3D76AF413F534B3717D2BA1F7A7B19CDBD09E72E9131B6A1F1128CF52A592529556684DB9329AE991248DC7E9AE2D53E1DE7799F76A917EC221AABB96B4F34BCAEA7BFC7FDC771D1FBB2A9A50D741C65F3476AF8ADEBE193949A53897A0B5B99234BEAAA455A49A0DD382D49266A496D257A96AA6CA2627A50822C4FBBB8B68A16516D5F8E2D2FB3C4EC5A6E61A2D66CD359194BAB3B7C1EDFB0DE4445C0000000000000D4F5B6B3A1E80D3750D4FA8241B302020892DB6495499B29CBD31A0C368D49EF6549730495E4492BD4A324A546525554AE9A8437B2B6AF574E8B4F2D45EF108F8B7D0976B3A91E2A716B52F15AB6AA855DD545A54571C2A2D05871470698C28EE25197CA5267BA822EF5F516F28F0224A09292EC1469E144711FC5D2FACF30E65CCF51CCAEF52D78AD7E18F425F7BEB7F71FCB05835C00000000000000000000000000000000000000000000000000000000000000000000006653EA13A95362D4A992E4C0A8427912224C88F2D89319F6CEF43ACBCDA92B42D27CA4631694970C96533284E754D595B719A794D6C68EC9B80DE64E26B428BA4B5C3F1E9FAB6E4314FAA1EE4781A8CC889286D445BAD43AC2BFED95CDBE7FF0097BAA326C69B57A275FF0052ADB5F5757FB0EFFC979FC7578D2EB1A8EAB727B94FF54BB373E8EA397635C76800000000F9BAEB4C34E3CF38869965B5BAEBAE29286DA69B49ADC71C5A8C9284212466666771110E77EC5BCE1B4965EC48EA73CC2F18DDE286A6F034A7569D1DA7DE799A3B646A4954E4E2DC8ADBE83B8EF7C88D2C11E2DB1C84A5AC86FF0047A6544332FF0011EFECEC3CCF9E7357CC751C15BFF2B07E5ED7D32F8F4752EF671E45C3460000000000000000000000000000000000000000000000000000000000000000000000000007B254A4292B428D2A499292A499A549524EF2524CAE323232C0C70376D5BCEC33CBBF98EFD60E0E82D7F348AAC7B91681A8E4AC88AA6657219A6555D59DC5513C12CBE67FEE304AFF00CCB8DCD46B347C39B695E5E95D5DABB0EF3C8B9FFAB8D16B9FF537466FA7B25DBD4FA7A76EFE6F8D59DC000000E2EF9AFD7AAD27C393A0C278DAAAEB57DCA524D0ADD71BA3C74A1EACBA58DFBAF36B6E31ED4C83D82F682AE3BB8DFE18EDF8F41D7BDC9AC7A6D0FA307FD4B5F0FF002FED7DCBE2755E37B9679D80CB0032C00CB0032C00CB0032C00CB0032C00CB0032C00CB0032C00CB0032C00CB0032C00CB0032C00CB0032C00CB0032C00CB0032C00CB0032C00CB0032C00CB0032C00CB0032C1E48CD264646646464646477191962464658919186583B4BF2B5C569FAFF004ACDA0EA09272F5069238ACF8C7566A9353A34942D30A4C9357CCF4A8AE30A69D731359776A55EB5199E8B5D42AACE387E097D8CF43F6EF329EB74EE9B9E6FAB1B7A5C5EE6FB56E7F0394C289D88003A9DF34DAC8F557156A301877BCA76918ED69E8C4477B6731A3391567488B0270A7BCA6547CA4C246FB435FA7426F7CB6FEA3CDFDC5AAFCCF319422FC952E15DFF00B5F6ECF81C6F170D1000000000000000000000000000000000000000000000000000000000000000000000000000000000007F70F2EFADFF00A1B8A74094FBDDD52EB6E1E9CAB19A8D2D946AAB8D3719F73909112A2865D519E484AB68ADABABD5A1A5F896D5F036FC8F57F93E630937FD39F965DCF7783C33B821D78F4E35DD5DA863E93D2FA8352CA34F7143A44FA91A547713AB8B1D6E32C1729AE43C49424B94D4433AE0EC9A82DED906A6F8E9B4F3BE5BA116FC17DE74733A6C9A94D995198E1BD2E7CA913653CAFE6764CA796FBEE2B9D6EB8667E91D99251492DC8F239CE564DCE5B6526DBEF6628E4C400000000000000000000000000000000000000000000000000000000000000000000000000000000003C919A4C949334A9264695119919191DE4646589191803B55FF0099D3FF00F387FC89E253FAE7E83FA1E7FE67F56EF7E8BDE6EE77F8AFF79BBFF6711A2FCB7F9CF47F6739F86FFF0061E8BFEABFFE8BF3D9FEB7070FF3FE1FD3E6EE2C79B0F15FF0B57FF45F15BBFA8513F57DFDCFFF0013FA8B3DE6EF778FFEFBC3EF5F86E6F5E30E5F9FCCAF5318C3C77963DC9C3FE933F478BF1478B38FC39ECEDC1D477CD6B8761D8799F947CD6B8360F28F9AD706C1E51F35AE0D83CA3E6B5C1B07947CD6B8360F28F9AD706C1E51F35AE0D83CA3E6B5C1B07947CD6B8360F28F9AD706C1E51F35AE0D83CA3E6B5C1B07947CD6B8360F28F9AD706C1E51F35AE0D83CA3E6B5C1B07947CD6B8360F28F9AD706C1E51F35AE0D83CA3E6B5C1B07947CD6B8360F28F9AD706C1E51F35AE0D83CA3E6B5C1B07947CD6B8360F28F9AD706C1E51F35AE0D83CA3E6B5C1B07947CD6B8360F28F9AD706C1E51F35AE0D83CA3E6B5C1B07947CD6B8360F28F9AD706C1E51F35AE0D83CA7F4BFF00F71FF887FB5FD0FF00F20FFD77FF0050FE81FF0083C3F82E8EF39C43FD2FCCFF00DDE0FB326C3FCC7FA67FF53D7FF8B87F57DA7FFFD9')